review,sentiment
This product is amazing! Great quality and fast shipping.,1
Excellent customer service. Very helpful and friendly staff.,1
Love this product! Exactly what I was looking for.,1
Outstanding quality and great value for money.,1
Fast delivery and product works perfectly.,1
Highly recommend this to anyone looking for quality.,1
Great experience shopping here. Will definitely return.,1
Product exceeded my expectations. Very satisfied.,1
Fantastic quality and excellent customer support.,1
"Perfect product, exactly as described.",1
Terrible product quality. Broke after one day.,0
Worst customer service ever. Very rude staff.,0
Product arrived damaged and return process was difficult.,0
Poor quality materials. Not worth the price.,0
Delivery was extremely slow and tracking was inaccurate.,0
Product doesn't work as advertised. Very disappointed.,0
Customer service was unhelpful and dismissive.,0
Overpriced for the quality you get.,0
Would not recommend. Waste of money.,0
Product failed to meet basic expectations.,0
